id,rainfall
2190,0.9997769322712176
2191,0.9999316428142916
2192,0.9763610997688421
2193,0.0018113935328677117
2194,1.0504088239757603e-05
2195,0.9449823606663892
2196,0.9891721857879262
2197,0.9998509872397344
2198,0.9939954181487661
2199,0.19408451109131192
2200,0.999836147755874
2201,0.00010427987791688469
2202,0.9998613118990959
2203,0.9998177910414832
2204,0.0019306170703087854
2205,7.58609549447797e-10
2206,0.9456576510344317
2207,0.5562887855165319
2208,4.984886282411107e-05
2209,5.098899363253807e-10
2210,0.00013288755431581947
2211,0.0008092127280667985
2212,0.9468404272950266
2213,0.9999675096414471
2214,0.995016009950668
2215,0.18239416286278262
2216,7.831692755761598e-09
2217,0.9998555476137714
2218,0.9987442583689085
2219,0.2804898572779265
2220,0.9989931950333473
2221,0.9993827395944312
2222,0.9783925469165459
2223,0.9997846375530716
2224,0.9848368119389661
2225,0.9902911644548049
2226,0.007366612470882245
2227,0.9765570276457429
2228,0.9266166898131558
2229,0.9962787669046023
2230,0.9742417550149758
2231,0.990428151676105
2232,0.00027720742166508893
2233,0.981437078687704
2234,0.9981538380175463
2235,0.001098430421443778
2236,0.004424990040695919
2237,0.9997073258885207
2238,0.011914263476502193
2239,0.9670779079072149
2240,0.9943637136354183
2241,0.9994791933172045
2242,0.9998084310445123
2243,0.9993656851438393
2244,0.9999200430666462
2245,0.9998992517712552
2246,0.9933500945695882
2247,0.9997720405941745
2248,0.995141980481385
2249,0.9995159753922385
2250,0.9849925217110691
2251,0.9997733286800254
2252,0.9997544743031397
2253,0.9653011138324928
2254,0.4598957884180799
2255,0.004501646883982075
2256,0.00010382919734468397
2257,0.9875597582714397
2258,0.99346911086974
2259,1.0127239600352782e-05
2260,0.9998709221194171
2261,0.9831574468277238
2262,0.9991543428222472
2263,0.9992444331325047
2264,0.9996513823122418
2265,0.9961150672132787
2266,0.9988017090757244
2267,0.9999085884740693
2268,0.010847553172004929
2269,0.9994324289232988
2270,0.9976647984864129
2271,0.9998268785554707
2272,0.008316177278075444
2273,0.9988830210427698
2274,0.9993327248397069
2275,0.9997450045409167
2276,0.9985708297425266
2277,0.9851223806545971
2278,0.9993443576609987
2279,0.9991872181386358
2280,0.9917734397191499
2281,0.9988375916188774
2282,0.999176127475231
2283,0.9940893689937287
2284,0.9976790033507394
2285,0.997694799333207
2286,0.9989116657216883
2287,0.9816726063044552
2288,0.9675962248646739
2289,0.8699352289975477
2290,0.9980487189328715
2291,0.9717925486498313
2292,0.8941169254957867
2293,0.9966570835792256
2294,0.956756319401072
2295,0.9787479335201078
2296,0.9966946092330172
2297,0.9389068175854975
2298,0.9985846106053422
2299,0.9877388226113218
2300,0.9920479491574004
2301,0.5073792540137748
2302,0.8404317251452103
2303,0.9987427536880925
2304,0.9957537321290899
2305,0.995256168081207
2306,0.997537629417702
2307,0.9522385685287448
2308,0.9873739626453704
2309,0.9605513559454771
2310,0.16375885229058862
2311,0.9150527106838001
2312,0.7354685597037434
2313,0.01621525848365321
2314,0.923795829164734
2315,0.20230522307278526
2316,0.9970794921529399
2317,0.9924658717773056
2318,0.995785153448529
2319,0.9253089612483878
2320,0.942514564542033
2321,0.9813747944129457
2322,0.1933334387743924
2323,0.9665161068960786
2324,0.9926682012736534
2325,0.9794583204358372
2326,0.9889275185241774
2327,0.9956551013837851
2328,0.9937320580032544
2329,0.995573665133069
2330,0.9953597509229608
2331,0.6745444717081789
2332,4.5222637179077835e-07
2333,0.9928224095739328
2334,0.9991840833810283
2335,0.9997148800952562
2336,0.9996272531310285
2337,0.00017873183185902118
2338,0.99622572709664
2339,0.08047041479446318
2340,0.9112383779948408
2341,0.7419157307780543
2342,0.9601800520042484
2343,0.004531514623316597
2344,0.8953038837227342
2345,0.7581971024335703
2346,0.47431551309160075
2347,0.5816716802098832
2348,0.7463636645833672
2349,0.8877409630540608
2350,0.6215389415327074
2351,0.9370898109414073
2352,8.335334691606162e-05
2353,0.001012919659354262
2354,4.3491990770438044e-05
2355,0.008667098662787477
2356,0.9053256115876497
2357,0.9702218298210353
2358,0.9829440567510416
2359,6.043607849179791e-05
2360,0.9750545770842264
2361,0.06638576838849489
2362,0.861850046392626
2363,0.006152734408139165
2364,0.8641717357616268
2365,0.9992371961621477
2366,0.9926627775248731
2367,0.9858211461393636
2368,0.9726390671321193
2369,0.30226016806678857
2370,0.9843037643502054
2371,0.6900938329697351
2372,3.2495636977927306e-05
2373,0.9747611573553014
2374,0.06231620730577776
2375,0.03844571288703594
2376,0.00011872093670770045
2377,0.7531709035835922
2378,0.9969902836313362
2379,0.40886294564245534
2380,0.6853269840875198
2381,0.6427815683373987
2382,0.12464675808941454
2383,2.466828591797754e-06
2384,0.018578709864349983
2385,0.002798746100601445
2386,0.0002329171833645469
2387,0.08694416987145202
2388,0.2909621529181939
2389,0.0004672782725630402
2390,0.0005789585298690196
2391,0.8060968666128587
2392,0.0008691930567597561
2393,0.740292718329303
2394,0.9464398930565417
2395,0.008703767220077735
2396,0.9940731856355798
2397,0.8969001802475653
2398,0.1363786420774417
2399,0.032347562435383184
2400,0.33476096572961667
2401,0.04992522182682862
2402,0.7013110626649155
2403,0.49347662064409165
2404,0.982799603792483
2405,0.9466776383011047
2406,0.9740775236397105
2407,0.7877446526386941
2408,5.204930235017253e-08
2409,0.9778884876167742
2410,0.03136919574304403
2411,0.9974449643553615
2412,0.9697244051655269
2413,0.8025210866816819
2414,0.9956184541838049
2415,0.02671401526762639
2416,0.9929878361117185
2417,0.9814942923534943
2418,0.9885517221008537
2419,0.04236446948111328
2420,0.004018116189516284
2421,0.010426911370903116
2422,0.9936630213746586
2423,0.9996496855804379
2424,0.9958145546121112
2425,1.0521038022597694e-06
2426,0.001074992608200303
2427,0.014150011083849123
2428,0.9894537045799954
2429,0.007330219484913714
2430,0.8868579068326051
2431,0.9973900093312289
2432,0.9933983325195627
2433,0.01373272943619816
2434,0.9912299252270595
2435,0.8885858832745552
2436,0.898628129598947
2437,0.04298738819209251
2438,0.9878584870016082
2439,0.883022664250026
2440,0.14156216991002094
2441,0.9065881458988149
2442,0.1852706105159753
2443,0.0278690697678563
2444,0.9765729215614001
2445,0.9903981029931596
2446,0.9972328940774111
2447,0.9972039900125544
2448,0.9953708105634894
2449,2.7092610906391023e-05
2450,0.9969093589402666
2451,0.9996303310780459
2452,0.9982852770219753
2453,0.9998093639870493
2454,0.9944193369649339
2455,0.005610385858282754
2456,0.0007138254771639541
2457,0.9232352935379493
2458,0.9981203185693135
2459,0.7223178627676126
2460,0.003089222684029975
2461,0.9994256121466301
2462,0.527282732228757
2463,0.9474617841939083
2464,0.9984417328977161
2465,0.9994184011769381
2466,0.057105063675612126
2467,0.0017496796099244806
2468,4.897293301491253e-08
2469,0.8299896353976789
2470,0.0026975591825104226
2471,0.00028196566688584913
2472,0.98689894066302
2473,0.04180936241864751
2474,7.626585751132523e-05
2475,0.0005831262731030246
2476,0.8560481767819889
2477,0.9779514499430607
2478,0.9771781131788269
2479,0.1986660364954147
2480,0.9204664253866962
2481,0.9160599176610861
2482,0.9767098359330364
2483,0.9955794107749444
2484,0.9470110675057856
2485,0.9951041116130496
2486,0.9901805935216748
2487,0.995102248974743
2488,0.831082943089365
2489,0.9880679825444246
2490,0.9745819330556124
2491,0.0009352294766884891
2492,0.994179699796616
2493,0.6769151831044435
2494,0.999357516263731
2495,0.9983698562123617
2496,0.9949112836745844
2497,0.08982605028038214
2498,0.9984322554806878
2499,0.0641355032060114
2500,0.29284760107930835
2501,0.9962458664073848
2502,0.0003313454625835109
2503,0.997171193884875
2504,0.9921180755080193
2505,0.8341246580324312
2506,0.9987658075694681
2507,0.9953877781922515
2508,0.9971641385386008
2509,0.0003681156768063604
2510,0.98038951095962
2511,0.9861624136852671
2512,0.9874658691165444
2513,0.9988590829175051
2514,0.9974175060791308
2515,0.9996177377277807
2516,0.9956680294603767
2517,0.992151886657917
2518,0.9824899884065713
2519,0.999819502891297
2520,0.47628501668113327
2521,0.4740613652400052
2522,0.5937054310074851
2523,0.7998354582802261
2524,0.07883752103511867
2525,0.999561980211446
2526,1.2575049870434988e-06
2527,0.9993808993669123
2528,0.9901565103703839
2529,0.9960683035878011
2530,0.9458552603154808
2531,0.9993267202210637
2532,0.9593243572602692
2533,0.9932485353023646
2534,0.9372945310971894
2535,0.05976814054237222
2536,0.9692062443029023
2537,0.9995965982086744
2538,0.9566380059248377
2539,0.9903316538067605
2540,0.8856030962766895
2541,0.9749028720883175
2542,0.8367546515582263
2543,0.9553724325306794
2544,0.9993817592636088
2545,0.999654748910159
2546,0.9994814302833872
2547,0.9992089470588474
2548,0.9992474423188386
2549,0.9998856084282624
2550,0.18577775432517477
2551,0.8598923244026112
2552,0.9995537567625175
2553,0.9999374819420072
2554,0.9999485293003871
2555,0.9998117284664091
2556,0.9997612089363284
2557,0.7292069068474578
2558,0.9991529629591579
2559,0.999985159556403
2560,0.95140766157451
2561,0.30724718746915747
2562,0.9179090752566211
2563,0.9963346288764418
2564,0.9995909857826764
2565,0.9236319460595102
2566,0.9995912620516952
2567,0.995294449375609
2568,0.9831245997634787
2569,0.9563708165997731
2570,2.0639830531191607e-08
2571,1.3427083537872412e-05
2572,0.9310927992053907
2573,6.941398768292536e-10
2574,2.50965737161015e-14
2575,0.999780091335231
2576,0.9999823006770213
2577,0.9999304349711251
2578,0.7728230799131892
2579,0.9998319925134634
2580,0.9942620604027558
2581,0.06902176274749985
2582,0.9657507589089565
2583,0.9956747338094944
2584,0.8936284593579384
2585,0.9996463139697007
2586,0.9995620398997864
2587,0.01312970977057618
2588,0.9951661057517315
2589,0.22316377098283807
2590,0.9989306106585719
2591,0.998569793851444
2592,0.9975485188044715
2593,0.9897509929738036
2594,0.9995472330695139
2595,0.9996613758297497
2596,0.7566545682840473
2597,0.001322021291555288
2598,0.9967704491706062
2599,0.0013818562367414046
2600,0.9926570381975619
2601,0.9996005482422482
2602,0.9571247187837939
2603,0.009369627584588865
2604,0.9557005179238546
2605,0.999764148433326
2606,0.924654252067358
2607,0.9997997807403561
2608,0.991557655637641
2609,0.9986680286510128
2610,0.9999299962523186
2611,0.7922470302891305
2612,0.991257131488585
2613,0.08177471638657713
2614,0.9972172186721378
2615,0.9998931497132592
2616,0.9997537118072541
2617,0.9999280689222088
2618,0.999912238365
2619,0.998981758131748
2620,0.9948834469848209
2621,0.9769699860331166
2622,0.9995957794347393
2623,0.9999288886530678
2624,0.9981492435768053
2625,0.999639788201133
2626,0.3405943403467722
2627,0.002209399816632811
2628,0.9988378706960469
2629,0.6592912231223635
2630,0.9963643970721243
2631,0.9994382646900488
2632,0.9065463427499669
2633,0.9991151509977643
2634,0.4984820671767707
2635,0.9998811797350599
2636,0.9998203511249035
2637,0.9983545646184082
2638,0.9702837368201881
2639,0.32935484100675905
2640,0.9998384558590728
2641,0.994928684230761
2642,0.997540266803141
2643,0.9992084397041776
2644,0.9978754611115868
2645,0.9950312183877851
2646,0.9909092442294368
2647,0.9996739956846201
2648,0.9993430021160414
2649,0.9979379264239738
2650,0.9998383450641812
2651,0.9986698798837089
2652,0.9952291223309275
2653,0.9441063094745866
2654,0.9738280368274703
2655,0.9656348960951556
2656,0.9984693266785412
2657,0.9929794138593944
2658,0.9927180230926778
2659,0.9966188677407701
2660,0.928101126048737
2661,0.997728784430302
2662,0.9986202784026019
2663,0.9715856284230192
2664,0.8789776767014977
2665,0.8470400019943356
2666,0.9857701488233015
2667,0.9315273352838556
2668,0.9923119306333726
2669,0.9953885361027505
2670,0.9948794536165138
2671,0.9962746000809676
2672,0.9991981091464589
2673,0.9927877974833049
2674,0.982512260086683
2675,0.7062211273369295
2676,0.9751778387475109
2677,0.991955806207569
2678,0.9948831862558177
2679,0.14575118241735546
2680,0.4914800011377256
2681,0.9992794841440901
2682,0.9990007830414279
2683,0.9125876515212342
2684,0.9931661847997493
2685,0.8834079831818186
2686,0.9673785222795175
2687,0.9571934545754293
2688,0.9668564110401823
2689,0.9862527744673795
2690,0.9780177036147617
2691,0.35587491991329584
2692,0.9852146627633929
2693,0.9542379276109011
2694,0.8508127081543717
2695,0.9988213237326966
2696,0.9978888387654862
2697,0.705506651209723
2698,1.6301159772894305e-05
2699,6.522891242638371e-05
2700,1.2751664681685033e-08
2701,0.9561112624356468
2702,0.6107007980902147
2703,0.9993841516470028
2704,0.0010836332570733694
2705,2.0844649132825837e-08
2706,0.9835690971051252
2708,0.9691636908311463
2709,4.990400362681513e-07
2710,2.137896946909792e-06
2711,7.017937169325478e-05
2712,0.0018255526139204696
2713,0.40260528894605496
2714,0.24282843713802282
2715,0.9893584039020656
2716,1.0728228009129421e-05
2717,0.9568070825515212
2718,2.3571406207611735e-05
2719,0.4733431587964
2720,1.2306490428781675e-05
2721,0.997404992212538
2722,0.005976079346025848
2723,0.9786486352592074
2724,6.568545060578469e-06
2725,0.966161024693112
2726,0.0003363889235673781
2727,0.12871793356762518
2728,0.47786563325030523
2729,0.09984720242151733
2730,0.0025827208878773243
2731,0.9683374733839659
2732,0.5496037828361329
2733,0.37190218648964696
2734,0.9979297917368178
2735,0.1675626562339113
2736,0.9863316592386424
2737,4.6444842322306084e-07
2738,0.34889102427802554
2739,0.00017564650115060586
2740,0.00045673940556979406
2741,0.02409249086863624
2742,0.000282201279704041
2743,0.467104892173746
2744,0.8437210338497185
2745,2.826789445603637e-06
2746,0.0008697285411568315
2747,0.02102196920726348
2748,0.043344572349290775
2749,1.757205563166401e-07
2750,5.64203216139106e-07
2751,9.134210441458651e-06
2752,0.0001477324923488347
2753,9.299527236143924e-06
2754,6.192391437225267e-05
2755,0.05200218377988449
2756,0.015454652385066029
2757,1.4509449397039726e-05
2758,0.7678046093815587
2759,0.00014356108340068968
2760,0.04159972331565713
2761,0.0005062112560511113
2762,0.789196278660537
2763,3.137373136436643e-07
2764,8.0596030886686e-05
2765,0.9009637579716819
2766,0.9658130755530552
2767,0.0016177641720381225
2768,5.683895811884382e-06
2769,0.9978181202516315
2770,0.8170302575469532
2771,0.9865648288664632
2772,0.3778467677745803
2773,2.0506260932128526e-06
2774,0.004653558371121406
2775,0.9934176043701862
2776,0.003779591268633532
2777,0.975380480131069
2778,0.17580764769670562
2779,0.9968631908300424
2780,0.9972981831365744
2781,0.5900354527719287
2782,0.998849862130802
2783,0.05266087056523056
2784,0.9988813756829114
2785,0.9953216833377003
2786,0.9854002945710909
2787,0.9920892933827956
2788,0.9592530996608577
2789,0.6171086439728336
2790,0.9994353619923595
2791,0.09687060125466218
2792,0.9869169972217637
2793,0.9996742065788196
2794,0.006144243907379085
2795,0.052070537444624435
2796,0.07428742649508219
2797,0.999196906742483
2798,0.15575073846616277
2799,0.992552718214198
2800,0.8200115747191411
2801,0.017175200472253342
2802,0.9706040214322337
2803,0.8987348654209423
2804,0.9626193611398839
2805,0.9600076264082323
2806,0.014476290355733864
2807,0.0003553890601434396
2808,0.9417369591823844
2809,0.9966126617500121
2810,0.0002340051287051169
2811,0.9995136477846489
2812,0.9806717294581946
2813,0.9988809851166148
2814,0.9996389580123752
2815,0.034601101080610416
2816,0.263417800016703
2817,0.00014545280107293
2818,0.0010939830776251348
2819,0.951276987909517
2820,0.0025162622775136414
2821,0.9919888714524077
2822,0.0004066827652971717
2823,0.9994790376663693
2824,0.9996774346940247
2825,0.9709234915585528
2826,2.570973996523751e-05
2827,0.9988866510210481
2828,0.007868455316181485
2829,0.9992940931280873
2830,2.4073555452257267e-06
2831,0.9965982521930274
2832,0.9215251435275186
2833,0.42356931044925733
2834,0.0008783018466064706
2835,0.9772817547912845
2836,0.035072800800636926
2837,0.992343646133296
2838,0.9847884578449541
2839,0.9615950722617845
2840,1.718032450181138e-08
2841,0.0043403458570711265
2842,0.31456393146629313
2843,0.9612104986647274
2844,0.3923611852822181
2845,0.9963656510095134
2846,0.9804967967174156
2847,0.6996350725114983
2848,0.9882639150405526
2849,0.9252709829198477
2850,0.9671194436526339
2851,0.9976461167783243
2852,0.9884952124475896
2853,0.9993044163653267
2854,0.9993694127144935
2855,0.9993042796158044
2856,0.997418503618705
2857,0.9992812624088674
2858,0.9690001648520279
2859,0.9950691993464278
2860,0.5812292921990801
2861,0.9965994384812688
2862,0.9977756507330194
2863,0.9994022172174023
2864,0.9955492387399583
2865,0.8079065053452844
2866,0.9987698341190386
2867,0.9988761482564978
2868,0.979199409898789
2869,0.00598376089321629
2870,0.0029811275676372307
2871,0.9959466366850657
2872,0.999878847039587
2873,0.9946120110259463
2874,0.9926780503187941
2875,0.9972969113121857
2876,0.004159763439208175
2877,0.9998279970771722
2878,0.9966619167965396
2879,0.9919134469745512
2880,0.9990201396496493
2881,0.9999268543035793
2882,0.9990825153815651
2883,0.9968707760801043
2884,0.3822272897581632
2885,0.9940488784103786
2886,0.9573706108775388
2887,0.8925480579043502
2888,0.999778300715884
2889,0.000565371768930956
2890,0.634538426397542
2891,0.9994361768800407
2892,0.9685447028408841
2893,0.0005044175214905044
2894,0.0010084248805389364
2895,0.7584841927503071
2896,0.9731698694584128
2897,0.00014922872044426593
2898,1.58992723058652e-08
2899,0.9240481827686889
2900,0.00029230600577975915
2901,0.9978966848783865
2902,0.00044273598363268147
2903,0.2781209225288118
2904,0.9996261876498663
2905,0.9956536255385161
2906,0.9742280821110125
2907,0.9948732739643318
2908,0.9997780373790556
2909,0.9779262078537635
2910,0.8252833096464745
2911,0.9767945132059649
2912,0.9968912743587113
2913,0.999505677437233
2914,0.999928590943811
2915,0.9998840901600342
2916,0.9713706670384581
2917,0.9995055182218708
2918,0.9999445371267686
2919,0.9977301586514117
